<?xml version="1.0" encoding="UTF-8"?>
<beans xmlns="http://www.springframework.org/schema/beans"
       xmlns:xsi="http://www.w3.org/2001/XMLSchema-instance"
       xmlns:context="http://www.springframework.org/schema/context"
       xmlns:mvc="http://www.springframework.org/schema/mvc"
       xsi:schemaLocation="http://www.springframework.org/schema/beans http://www.springframework.org/schema/beans/spring-beans.xsd
        http://www.springframework.org/schema/context http://www.springframework.org/schema/context/spring-context-4.0.xsd
        http://www.springframework.org/schema/mvc http://www.springframework.org/schema/mvc/spring-mvc-4.0.xsd">
    <!--会自动注册DefaultAnnotationHandlerMapping与AnnotationMethodHandlerAdapter 两个bean,是spring MVC为@Controllers分发请求所必须的。-->
    <mvc:annotation-driven/>

    <!--spring默认禁用注解装配，使用如下语句启动注解-->
    <!--<context:annotation-config/>-->
    <!--有注解扫描，无需上方语句-->
    <context:component-scan base-package="com.dhf.controller"></context:component-scan>
    <bean class="org.springframework.web.servlet.view.InternalResourceViewResolver">
        <property name="prefix" value="/WEB-INF/views/"></property>
        <property name="suffix" value=".jsp"></property>
    </bean>
    <!-- 两个*表示映射static/下所有url，包括子路径（及接多个/） -->
    <!--静态资源映射-->
    <mvc:resources location="/css/" mapping="/css/**"></mvc:resources>
    <mvc:resources location="/img/" mapping="/img/**"></mvc:resources>
    <mvc:resources location="/js/" mapping="/js/**"></mvc:resources>
    <mvc:resources location="/upload/" mapping="/upload/**"></mvc:resources>
    <mvc:resources location="/editor-md-master/" mapping="/editor-md-master/**"></mvc:resources>
    <!-- 文件上传 -->
    <bean id="multipartResolver" class="org.springframework.web.multipart.commons.CommonsMultipartResolver">
        <property name="maxUploadSize" value="5242880"></property>
        <property name="defaultEncoding" value="UTF-8"></property>
    </bean>
    <!--拦截器-->
    <!--<mvc:interceptors>
        <mvc:interceptor>
            <mvc:mapping path="/page/releasepost"/>
            <bean class="com.dhf.interceptor.AuthorityInterceptor"></bean>
        </mvc:interceptor>
    </mvc:interceptors>-->
</beans>
