<?xml version="1.0" encoding="UTF-8"?>
<!DOCTYPE configuration
        PUBLIC "-//mybatis.org//DTD Config 3.0//EN"
        "http://mybatis.org/dtd/mybatis-3-config.dtd">
<configuration>
    <!--<properties resource="db.properties"></properties>-->
    <!-- 别名 -->
    <typeAliases>
        <!-- 此包下所有类的全限定名的别名为类名 -->
        <package name="com.dhf.domain"/>
    </typeAliases>
    <!--<environments default="development">
        <environment id="development">
            <transactionManager type="JDBC"/>
            <dataSource type="POOLED">
                <property name="driver" value="${jdbc.driver}"/>
                <property name="url" value="${jdbc.url}"/>
                <property name="username" value="${jdbc.username}"/>
                <property name="password" value="${jdbc.password}"/>
            </dataSource>
        </environment>
    </environments>
    &lt;!&ndash; 指定去哪个层找xml文件 &ndash;&gt;
    <mappers>
        <package name="com.dhf.mapper"></package>
    </mappers>-->
</configuration>